diocese_name,address,city,state,site_link
Archdiocese of Mobile,400 Government Street,Mobile,AL,https://mobarch.org/
Diocese of Birmingham,"2121 3rd Avenue North, P.O. Box 12047",Birmingham,AL,http://www.bhmdiocese.org/
Archdiocese of Anchorage-Juneau,225 Cordova Street,Anchorage,AK,http://www.aoaj.org/
Diocese of Fairbanks,1316 Peger Road,Fairbanks,AK,https://dioceseoffairbanks.org/
Holy Protection of Mary Byzantine Catholic Eparchy of Phoenix,8105 North 16th Street,Phoenix,AZ,https://ephx.org/
Diocese of Phoenix,400 East Monroe Street,Phoenix,AZ,http://www.diocesephoenix.org/
Diocese of Tucson,P.O. Box 31,Tucson,AZ,http://www.diocesetucson.org/
Diocese of Little Rock,2500 N. Tyler Street,Little Rock,AR,http://www.dolr.org/
Armenian Catholic Eparchy of Our Lady of Nareg in the USA & Canada,1510 East Mountain St,Glendale,CA,http://www.ourladyofnareg.org/
Chaldean Catholic Eparchy of St. Peter the Apostle,1627 Jamacha Way,El Cajon,CA,https://www.stpeterdiocese.org/
Archdiocese of Los Angeles,3424 Wilshire Boulevard,Los Angeles,CA,https://lacatholics.org/
Archdiocese of San Francisco,One Peter Yorke Way,San Francisco,CA,http://www.sfarchdiocese.org/
Diocese of Fresno,1550 North Fresno Street,Fresno,CA,https://dioceseoffresno.org/
Diocese of Monterey,425 Church Street,Monterey,CA,http://www.dioceseofmonterey.org/
Diocese of Oakland,"2121 Harrison Street, Suite 100",Oakland,CA,http://www.oakdiocese.org/
Diocese of Orange,"Pastoral Center, 13280 Chapman Avenue",Garden Grove,CA,http://www.rcbo.org/
Diocese of Sacramento,2110 Broadway,Sacramento,CA,https://www.scd.org/
Diocese of San Bernardino,1201 E. Highland Avenue,San Bernardino,CA,http://www.sbdiocese.org/
Diocese of San Diego,P.O. Box 85728,San Diego,CA,https://sdcatholic.org/
Diocese of San Jose,"1150 North 1st Street, Suite 100",San Jose,CA,http://www.dsj.org/
Diocese of Santa Rosa,P.O. Box 1297,Santa Rosa,CA,https://srdiocese.org/
Diocese of Stockton,212 N. San Joaquin Street,Stockton,CA,http://www.stocktondiocese.org/
Archdiocese of Denver,1300 South Steele Street,Denver,CO,http://www.archden.org/
Diocese of Colorado Springs,"Diocesan Pastoral Center, 228 N. Cascade Avenue",Colorado Springs,CO,http://www.diocs.org/
Diocese of Pueblo,101 N. Greenwood Street,Pueblo,CO,http://www.dioceseofpueblo.org/
Ukrainian Catholic Eparchy of Stamford,14 Peveril Road,Stamford,CT,http://www.stamforddio.org/
Archdiocese of Hartford,467 Bloomfield Avenue,Bloomfield,CT,http://www.archdioceseofhartford.org/
Diocese of Bridgeport,"100 Beard Sawmill Road, Suite 650",Shelton,CT,http://www.bridgeportdiocese.com/
Diocese of Norwich,201 Broadway,Norwich,CT,http://www.norwichdiocese.org/
Diocese of Wilmington,1925 Delaware Avenue,Wilmington,DE,http://www.cdow.org/
Archdiocese of Miami,9401 Biscayne Boulevard,Miami Shores,FL,http://www.miamiarch.org/
Diocese of Orlando,P.O. Box 1800,Orlando,FL,http://www.orlandodiocese.org/
Diocese of Palm Beach,9995 N. Military Trail,Palm Beach Gardens,FL,http://www.diocesepb.org/
Diocese of Pensacola-Tallahassee,11 North B Street,Pensacola,FL,http://www.ptdiocese.org/
Diocese of St. Augustine,11625 Old St. Augustine Rd.,Jacksonville,FL,http://www.dosafl.com/
Diocese of St. Petersburg,6363 9th Avenue N.,St. Petersburg,FL,http://www.dosp.org/
Diocese of Venice,1000 Pinebrook Road,Venice,FL,http://www.dioceseofvenice.org/
Archdiocese of Atlanta,"2401 Lake Park Drive, S.E.",Smyrna,GA,http://www.archatl.com/
Diocese of Savannah,2170 East Victory Drive,Savannah,GA,http://www.diosav.org/
Diocese of Honolulu,1184 Bishop Street,Honolulu,HI,http://www.catholichawaii.org/
Diocese of Boise,"1501 S. Federal Way, Suite 400",Boise,ID,http://www.catholicidaho.org/
St. Nicholas of Chicago for Ukrainians,2245 W. Rice Street,Chicago,IL,https://www.chicagougcc.org/
St. Thomas Syro Malabar Diocese of Chicago,372 South Prairie Avenue,Elmhurst,IL,http://www.stthomasdiocese.org/
Archdiocese of Chicago,835 N. Rush Street,Chicago,IL,http://www.archchicago.org/
Diocese of Belleville,222 South Third Street,Belleville,IL,http://www.diobelle.org/
Diocese of Joliet,"Blenchette Catholic Center, 16555 Weber Road",Crest Hill,IL,http://www.dioceseofjoliet.org/
Diocese of Peoria,"Spalding Pastoral Center, 419 N.E. Madison Avenue",Peoria,IL,http://www.cdop.org/
Diocese of Rockford,"555 Coleman Center Drive, P.O. Box 7044",Rockford,IL,http://www.rockforddiocese.org/
Diocese of Springfield in Illinois,1615  West Washington Street,Springfield,IL,http://www.dio.org/
Archdiocese of Indianapolis,1400 N. Meridian Street,Indianopolis,IN,http://www.archindy.org/
Diocese of Evansville,"4200 N. Kentucky Avenue, P.O. Box 4169",Evansville,IN,https://www.evdio.org/
Diocese of Fort Wayne-South Bend,"915 South Clinton, P.O. Box 390",Fort Wayne,IN,http://www.diocesefwsb.org/
Diocese of Gary,9292 Broadway,Merrillville,IN,http://www.dcgary.org/
Diocese of Lafayette in Indiana,P.O. Box 260,Lafayette,IN,http://www.dol-in.org/
Archdiocese of Dubuque,1229 Mt. Loretta Avenue,Dubuque,IA,https://www.dbqarch.org/
Diocese of Davenport,780 W. Central Park Av.,Davenport,IA,http://www.davenportdiocese.org/
Diocese of Des Moines,601 Grand Avenue,Des Moines,IA,http://www.dmdiocese.org/
Diocese of Sioux City,"P.O. Box 3379, 1821 Jackson Street",Sioux City,IA,http://www.scdiocese.org/
Archdiocese of Kansas City in Kansas,12615 Parallel Parkway,Kansas City,KS,http://www.archkck.org/
Diocese of Dodge City,P.O. Box 137,Dodge City,KS,http://www.dcdiocese.org/
Diocese of Salina,103 North Ninth Street,Salina,KS,http://www.salinadiocese.org/
Diocese of Wichita,424 N. Broadway,Wichita,KS,http://www.catholicdioceseofwichita.org/
Archdiocese of Louisville,"Pastoral Center, 3940 Poplar Level Road",Louisville,KY,http://www.archlou.org/
Diocese of Covington,1125 Madison Avenue,Covington,KY,http://www.covingtondiocese.org/
Diocese of Lexington,1310 W. Main Street,Lexington,KY,http://www.cdlex.org/
Diocese of Owensboro,600 Locust Street,Owensboro,KY,http://www.rcdok.org/
Archdiocese of New Orleans,7887 Walmsley Avenue,New Orleans,LA,http://www.arch-no.org/
Diocese of Alexandria,"St. Joseph Catholic Ctr., 4400 Coliseum Boulevard",Alexandria,LA,http://www.diocesealex.org/
Diocese of Baton Rouge,P.O. Box 2028,Baton Rouge,LA,http://www.diobr.org/
Diocese of Houma-Thibodaux,2779 Highway 311,Schriever,LA,http://www.htdiocese.org/
Diocese of Lafayette in Louisiana,1408 Carmel Drive,Lafayette,LA,http://www.diolaf.org/
Diocese of Lake Charles,414 Iris Street,Lake Charles,LA,http://www.lcdiocese.org/
Diocese of Shreveport,3500 Fairfield Avenue,Shreveport,LA,http://www.dioshpt.org/
Diocese of Portland in Maine,510 Ocean Avenue,Portland,ME,http://www.portlanddiocese.net/
Archdiocese of Baltimore,320 Cathedral Street,Baltimore,MD,http://www.archbalt.org/
Eparchy of Newton,3 VFW Parkway,West Roxbury,MA,https://www.melkite.org/
Archdiocese of Boston,66 Brooks Drive,Braintree,MA,http://www.bostoncatholic.org/
Diocese of Fall River,450 Highland Avenue,Fall River,MA,http://www.fallriverdiocese.org/
"Diocese of Springfield, Massachusetts",P.O. Box 1730,Springfield,MA,http://www.diospringfield.org/
Diocese of Worcester,49 Elm Street,Worcester,MA,http://www.worcesterdiocese.org/
Chaldean Eparchy of Saint Thomas the Apostle,25603 Berg Road,Southfield,MI,https://chaldeanchurch.org/
Syriac Catholic Diocese of Our Lady of Deliverance in the United States,25600 Drake Road,Farmington Hills,MI,http://www.syriaccatholic.us/
Archdiocese of Detroit,12 State Street,Detroit,MI,https://www.aod.org/
Diocese of Gaylord,611 W. North Street,Gaylord,MI,http://www.dioceseofgaylord.org/
Diocese of Grand Rapids,360 Division Avenue S.,Grand Rapids,MI,https://grdiocese.org/
Diocese of Kalamazoo,215 N. Westnedge Avenue,Kalamazoo,MI,http://www.dioceseofkalamazoo.org/
Diocese of Lansing,228 N. Walnut Street,Lansing,MI,http://www.dioceseoflansing.org/
Diocese of Marquette,1004 Harbor Hills Drive,Marquette,MI,http://www.dioceseofmarquette.org/
Diocese of Saginaw,5800 Weiss Street,Saginaw,MI,http://www.saginaw.org/
Archdiocese of St. Paul and Minneapolis,777 Forest Street,Saint Paul,MN,http://www.archspm.org/
Diocese of Crookston,620 Summit Avenue N.,Crookston,MN,http://www.crookston.org/
Diocese of Duluth,2830 E. Fourth Street,Duluth,MN,http://www.dioceseduluth.org/
Diocese of New Ulm,1400 6th Street North,New Ulm,MN,http://www.dnu.org/
Diocese of St. Cloud,P.O. Box 1248,St. Cloud,MN,http://www.stcdio.org/
Diocese of Winona-Rochester,2907 Jeremiah Lane NW,Rochester,MN,http://www.dowr.org/
Diocese of Biloxi,1790 Popps Ferry Road,Biloxi,MS,http://www.biloxidiocese.org/
Diocese of Jackson,"237 East Amite, P.O. Box 2248",Jackson,MS,http://www.jacksondiocese.org/
Maronite Eparchy of Our Lady of Lebanon,1021 S. 10th Street,St. Louis,MO,http://www.eparchy.org/
Archdiocese of St. Louis,20 Archbishop May Drive,St. Louis,MO,http://www.archstl.org/
Diocese of Jefferson City,"2207 West Main Street, P.O. Box 104900",Jefferson City,MO,http://www.diojeffcity.org/
Diocese of Kansas City-St. Joseph,Post Office Box 419037,Kansas City,MO,https://kcsjcatholic.org/
Diocese of Springfield-Cape Girardeau,601 S. Jefferson Avenue,Springfield,MO,http://www.dioscg.org/
Diocese of Great Falls-Billings,P.O. Box 1399,Great Falls,MT,http://diocesegfb.org/
Diocese of Helena,P.O. Box 1729,Helena,MT,http://www.diocesehelena.org/
Archdiocese of Omaha,2222 N. 111th Street,Omaha,NE,http://www.archomaha.org/
Diocese of Grand Island,2708 Old Fair Road,Grand Island,NE,http://www.gidiocese.org/
Diocese of Lincoln,3400 Sheridan Boulevard,Lincoln,NE,http://www.dioceseoflincoln.org/
Archdiocese of Las Vegas,336 Cathedral Way,Las Vegas,NV,https://lvcatholic.org/
Diocese of Reno,"290 S. Arlington Avenue, #200",Reno,NV,http://www.dioceseofreno.org/
Diocese of Manchester,153 Ash Street,Manchester,NH,http://www.catholicnh.org/
Byzantine Catholic Eparchy of Passaic,445 Lackawanna Av. West,West Paterson,NJ,http://www.eparchyofpassaic.com/
Archdiocese of Newark,171 Clifton Avenue,Newark,NJ,https://rcan.org/
Diocese of Camden,631 Market Street,Camden,NJ,http://www.camdendiocese.org/
Diocese of Metuchen,P.O. Box 191,Metuchen,NJ,http://www.diometuchen.org/
Diocese of Paterson,777 Valley Road,Clifton,NJ,http://www.patersondiocese.org/
Diocese of Trenton,P.O. Box 5147,Trenton,NJ,http://www.dioceseoftrenton.org/
Archdiocese of Santa Fe,4000 St. Joseph's Pl. NW,Albuquerque,NM,https://archdiosf.org/
Diocese of Gallup,P.O. Box 1338,Gallup,NM,http://www.dioceseofgallup.org/
Diocese of Las Cruces,1280 Med Park Drive,Las Cruces,NM,http://www.rcdlc.org/
Eparchy of St. Maron of Brooklyn,109 Remsen Street,Brooklyn,NY,http://www.stmaron.org/
Syro-Malankara Catholic Eparchy in the USA,"Exarchial Chancery, 1500 De Paul Street",Elmont,NY,http://syromalankarausa.org/
Archdiocese of New York,488 Madison Ave,New  York,NY,http://www.archny.org/
Diocese of Albany,"Pastoral Center, 40 North Main Avenue",Albany,NY,http://www.rcda.org/
Diocese of Brooklyn,"Chancery Office, 310 Prospect Park West",Brooklyn,NY,http://www.dioceseofbrooklyn.org/
Diocese of Buffalo,795 Main Street,Buffalo,NY,http://www.buffalodiocese.org/
Diocese of Ogdensburg,"P.O. Box 369, 622 Washington Street",Ogdensburg,NY,https://www.rcdony.org/
Diocese of Rochester,1150 Buffalo Road,Rochester,NY,http://www.dor.org/
Diocese of Rockville Centre,"50 North Park Avenue, P.O. Box 9023",Rockville Centre,NY,http://www.drvc.org/
Diocese of Syracuse,240 East Onondaga Street,Syracuse,NY,http://www.syracusediocese.org/
Diocese of Charlotte,1123 South Church Street,Charlotte,NC,http://www.charlottediocese.org/
Diocese of Raleigh,7200 Stonehenge Drive,Raleigh,NC,http://www.dioceseofraleigh.org/
Diocese of Bismarck,"The Chancery, P.O. Box 1575",Bismarck,ND,http://www.bismarckdiocese.com/
Diocese of Fargo,"5201 Bishops Boulevard, Suite A",Fargo,ND,http://www.fargodiocese.org/
Eparchy of Parma,"5000 Rockside Road, Suite 310",Independence,OH,http://www.parma.org/
Eparchy of St. George in Canton for the Romanians,1121 44th Street NE,Canton,OH,http://www.romaniancatholic.org/
"Ukrainian Catholic Eparchy of St. Josaphat-Parma, OH",P.O. Box 347180,Parma,OH,http://www.stjosaphateparchy.com/
Archdiocese of Cincinnati,100 East Eighth Street,Cincinnati,OH,http://www.catholiccincinnati.org/
Diocese of Cleveland,1404 East Ninth Street,Cleveland,OH,http://www.dioceseofcleveland.org/
Diocese of Columbus,197 E. Gay Street,Columbus,OH,http://www.colsdioc.org/
Diocese of Steubenville,"422 Washington Street, P.O. Box 969",Steubenville,OH,http://www.diosteub.org/
Diocese of Toledo,1933 Spielbusch Avenue,Toledo,OH,http://www.toledodiocese.org/
Diocese of Youngstown,144 W. Wood Street,Youngstown,OH,http://www.doy.org/
Archdiocese of Oklahoma City,7501 N.W. Expressway,Oklahoma City,OK,http://www.archokc.org/
Diocese of Tulsa,P.O. Box 690240,Tulsa,OK,http://www.dioceseoftulsa.org/
Archdiocese of Portland in Oregon,2838 East Burnside Street,Portland,OR,http://www.archdpdx.org/
Diocese of Baker,641 SW Umatilla Avenue,Redmond,OR,http://dioceseofbaker.org/
Byzantine Catholic Archeparchy of Pittsburgh,66 Riverview Avenue,Pittsburgh,PA,http://www.archeparchy.org/
Ukrainian Catholic Archeparchy of Philadelphia,810 N. Franklin Street,Philadelphia,PA,http://www.ukrarcheparchy.us/
Archdiocese of Philadelphia,222 North 17th Street,Philadelphia,PA,http://www.archphila.org/
Diocese of Allentown,P.O. Box F,Allentown,PA,http://www.allentowndiocese.org/
Diocese of Altoona-Johnstown,2713 West Chestnut Avenue,Altoona,PA,http://www.ajdiocese.org/
Diocese of Erie,429 E. Grandview Blvd.,Erie,PA,http://www.eriercd.org/
Diocese of Greensburg,723 East Pittsburgh St.,Greensburg,PA,http://www.dioceseofgreensburg.org/
Diocese of Harrisburg,4800 Union Deposti Road,Harrisburg,PA,http://www.hbgdiocese.org/
Diocese of Pittsburgh,2900 Noblestown Road,Pittsburgh,PA,http://www.diopitt.org/
Diocese of Scranton,300 Wyoming Avenue,Scranton,PA,http://www.dioceseofscranton.org/
Diocese of Providence,One Cathedral Square,Providence,RI,http://www.dioceseofprovidence.org/
Diocese of Charleston,901 Orange Grove Road,Charleston,SC,https://charlestondiocese.org/
Diocese of Rapid City,606 Cathedral Drive,Rapid City,SD,http://www.rapidcitydiocese.org/
Diocese of Sioux Falls,523 N. Duluth Avenue,Sioux Falls,SD,https://sfcatholic.org/
Diocese of Knoxville,805 S. Northshore Drive,Knoxville,TN,http://www.dioknox.org/
Diocese of Memphis,5825 Shelby Oaks Drive,Memphis,TN,http://www.cdom.org/
Diocese of Nashville,2800 McGavock Pike,Nashville,TN,http://www.dioceseofnashville.com/
Archdiocese of Galveston-Houston,1700 San Jacinto,Houston,TX,http://www.archgh.org/
Archdiocese of San Antonio,2718 West Woodlawn Avenue,San Antonio,TX,http://www.archsa.org/
Diocese of Amarillo,P.O. Box 5644,Amarillo,TX,http://www.amarillodiocese.org/
Diocese of Austin,6225 Highway 290 East,Austin,TX,http://www.austindiocese.org/
Diocese of Beaumont,710 Archie Street,Beaumont,TX,http://www.dioceseofbmt.org/
Diocese of Brownsville,1910 University Boulevard,Brownsville,TX,http://www.cdob.org/
Diocese of Corpus Christi,"555 N. Carancahua, Suite 750",Corpus Christi,TX,http://www.diocesecc.org/
Diocese of Dallas,3725 Blackburn Street,Dallas,TX,http://www.cathdal.org/
Diocese of El Paso,499 St. Matthews Street,El Paso,TX,http://www.elpasodiocese.org/
Diocese of Fort Worth,800 West Loop 820 South,Fort Worth,TX,http://www.fwdioc.org/
Diocese of Laredo,1901 Corpus Christi St.,Laredo,TX,http://www.dioceseoflaredo.org/
Diocese of Lubbock,4620 Fourth Street,Lubbock,TX,http://www.catholiclubbock.org/
Diocese of San Angelo,804 Ford Street,San Angelo,TX,http://www.sanangelodiocese.org/
Diocese of The Personal Ordinariate of the Chair of St. Peter,7730 Westview Drive,Houston,TX,http://www.ordinariate.net/
Diocese of Tyler,1015 ESE Loop 323,Tyler,TX,http://www.dioceseoftyler.org/
Diocese of Victoria,"P.O. Box 4070, 1505 E. Mesquite Lane",Victoria,TX,http://www.victoriadiocese.org/
Diocese of Salt Lake City,27 C Street,Salt Lake City,UT,https://www.dioslc.org/
Diocese of Burlington,55 Joy Drive,South Burlington,VT,http://www.vermontcatholic.org/
"Diocese of St. Thomas, VI",P.O. Box 301825,St. Thomas,VI,http://www.catholicvi.com/
Diocese of Arlington,200 North Glebe Road,Arlington,VA,http://www.arlingtondiocese.org/
Diocese of Richmond,7800 Carousel Lane,Richmond,VA,http://www.richmonddiocese.org/
Archdiocese of Seattle,710 9th Avenue,Seattle,WA,http://www.seattlearchdiocese.org/
Diocese of Spokane,P.O. Box 1453,Spokane,WA,http://www.dioceseofspokane.org/
Diocese of Yakima,P.O. Box 2189,Yakima,WA,http://www.yakimadiocese.org/
Archdiocese of the Military Services,"1025 Michigan Avenue N.E., P.O. Box 4469",Washington,DC,http://www.milarch.org/
Archdiocese of Washington,P.O. Box 29260,Washington,DC,http://www.adw.org/
Diocese of Wheeling-Charleston,1300 Byron Street,Wheeling,WV,http://www.dwc.org/
Archdiocese of Milwaukee,P.O. Box 70912,Milwaukee,WI,http://www.archmil.org/
Diocese of Green Bay,P.O. Box 23825,Green Bay,WI,http://www.gbdioc.org/
Diocese of La Crosse,"3710 East Avenue South, P.O. Box 4004",La Crosse,WI,http://www.diolc.org/
Diocese of Madison,"702 South High Point Road, P.O. Box 44983",Madison,WI,http://www.madisondiocese.org/
Diocese of Superior,1201 Hughitt Avenue,Superior,WI,http://www.catholicdos.org/
Diocese of Cheyenne,2121 Capitol Avenue,Cheyenne,WY,https://dcwy.org/
