diocese_name,address,city,state,site_link,parish_list_url,ecatholic?
Archdiocese of Mobile,400 Government Street,Mobile,AL,https://mobarch.org/,https://mobarch.org/parishfinder,TRUE
Diocese of Birmingham,"2121 3rd Avenue North, P.O. Box 12047",Birmingham,AL,http://www.bhmdiocese.org/,https://www.bhmdiocese.org/parishfinder,TRUE
Archdiocese of Anchorage-Juneau,225 Cordova Street,Anchorage,AK,http://www.aoaj.org/,https://www.aoaj.org/parishfinder,TRUE
Diocese of Fairbanks,1316 Peger Road,Fairbanks,AK,https://dioceseoffairbanks.org/,https://dioceseoffairbanks.org/parishfinder,TRUE
Holy Protection of Mary Byzantine Catholic Eparchy of Phoenix,8105 North 16th Street,Phoenix,AZ,https://ephx.org/,https://ephx.org/parishes,
Diocese of Phoenix,400 East Monroe Street,Phoenix,AZ,http://www.diocesephoenix.org/,https://dphx.org/parishes/,
Diocese of Tucson,P.O. Box 31,Tucson,AZ,http://www.diocesetucson.org/,https://diocesetucson.org/parishfinder,TRUE
Diocese of Little Rock,2500 N. Tyler Street,Little Rock,AR,http://www.dolr.org/,https://www.dolr.org/parishes,
Armenian Catholic Eparchy of Our Lady of Nareg in the USA & Canada,1510 East Mountain St,Glendale,CA,http://www.ourladyofnareg.org/,https://www.ourladyofnareg.org/map-of-the-parishes/,
Chaldean Catholic Eparchy of St. Peter the Apostle,1627 Jamacha Way,El Cajon,CA,https://www.stpeterdiocese.org/,,
Archdiocese of Los Angeles,3424 Wilshire Boulevard,Los Angeles,CA,https://lacatholics.org/,https://lacatholics.org/find/?type=parishes,
Archdiocese of San Francisco,One Peter Yorke Way,San Francisco,CA,http://www.sfarchdiocese.org/,https://sfarch.org/resources/parish-locator/,
Diocese of Fresno,1550 North Fresno Street,Fresno,CA,https://dioceseoffresno.org/,https://dioceseoffresno.org/parishfinder,TRUE
Diocese of Monterey,425 Church Street,Monterey,CA,http://www.dioceseofmonterey.org/,https://www.dioceseofmonterey.org/parishfinder,TRUE
Diocese of Oakland,"2121 Harrison Street, Suite 100",Oakland,CA,http://www.oakdiocese.org/,https://www.oakdiocese.org/parishes/,
Diocese of Orange,"Pastoral Center, 13280 Chapman Avenue",Garden Grove,CA,http://www.rcbo.org/,https://www.rcbo.org/directories/parishes/,
Diocese of Sacramento,2110 Broadway,Sacramento,CA,https://www.scd.org/,https://www.scd.org/parishes,
Diocese of San Bernardino,1201 E. Highland Avenue,San Bernardino,CA,http://www.sbdiocese.org/,https://www.sbdcatholics.org/parishes/,
Diocese of San Diego,P.O. Box 85728,San Diego,CA,https://sdcatholic.org/,https://sdcatholic.org/find-a-parish/,
Diocese of San Jose,"1150 North 1st Street, Suite 100",San Jose,CA,http://www.dsj.org/,,
Diocese of Santa Rosa,P.O. Box 1297,Santa Rosa,CA,https://srdiocese.org/,https://srdiocese.org/parishfinder,TRUE
Diocese of Stockton,212 N. San Joaquin Street,Stockton,CA,http://www.stocktondiocese.org/,https://www.stocktondiocese.org/parishfinder,
Archdiocese of Denver,1300 South Steele Street,Denver,CO,http://www.archden.org/,https://archden.org/parish-locator,
Diocese of Colorado Springs,"Diocesan Pastoral Center, 228 N. Cascade Avenue",Colorado Springs,CO,http://www.diocs.org/,,
Diocese of Pueblo,101 N. Greenwood Street,Pueblo,CO,http://www.dioceseofpueblo.org/,https://www.diopueblo.org/parishes,
Ukrainian Catholic Eparchy of Stamford,14 Peveril Road,Stamford,CT,http://www.stamforddio.org/,https://www.stamforddio.org/parishes,
Archdiocese of Hartford,467 Bloomfield Avenue,Bloomfield,CT,http://www.archdioceseofhartford.org/,https://archdioceseofhartford.org/parishes/,
Diocese of Bridgeport,"100 Beard Sawmill Road, Suite 650",Shelton,CT,http://www.bridgeportdiocese.com/,https://www.bridgeportdiocese.org/mass-times/,
Diocese of Norwich,201 Broadway,Norwich,CT,http://www.norwichdiocese.org/,https://www.norwichdiocese.org/Find/Parish-Communities,
Diocese of Wilmington,1925 Delaware Avenue,Wilmington,DE,http://www.cdow.org/,https://cdow.org/find-a-parish/,
Archdiocese of Miami,9401 Biscayne Boulevard,Miami Shores,FL,http://www.miamiarch.org/,,
Diocese of Orlando,P.O. Box 1800,Orlando,FL,http://www.orlandodiocese.org/,https://www.orlandodiocese.org/find-a-parish/,
Diocese of Palm Beach,9995 N. Military Trail,Palm Beach Gardens,FL,http://www.diocesepb.org/,https://www.diocesepb.org/parishes/,
Diocese of Pensacola-Tallahassee,11 North B Street,Pensacola,FL,http://www.ptdiocese.org/,https://www.ptdiocese.org/parishfinder,TRUE
Diocese of St. Augustine,11625 Old St. Augustine Rd.,Jacksonville,FL,http://www.dosafl.com/,https://dosafl.com/parishes/,
Diocese of St. Petersburg,6363 9th Avenue N.,St. Petersburg,FL,http://www.dosp.org/,https://www.dosp.org/parishes/,
Diocese of Venice,1000 Pinebrook Road,Venice,FL,http://www.dioceseofvenice.org/,https://dioceseofvenice.org/find-a-parish/,
Archdiocese of Atlanta,"2401 Lake Park Drive, S.E.",Smyrna,GA,http://www.archatl.com/,https://archatl.com/places/parishes/,
Diocese of Savannah,2170 East Victory Drive,Savannah,GA,http://www.diosav.org/,https://www.diosav.org/en/about-us/parishes,
Diocese of Honolulu,1184 Bishop Street,Honolulu,HI,http://www.catholichawaii.org/,https://www.catholichawaii.org/parish-listing/,
Diocese of Boise,"1501 S. Federal Way, Suite 400",Boise,ID,http://www.catholicidaho.org/,https://www.dioceseofboise.org/parishes,
St. Nicholas of Chicago for Ukrainians,2245 W. Rice Street,Chicago,IL,https://www.chicagougcc.org/,,
St. Thomas Syro Malabar Diocese of Chicago,372 South Prairie Avenue,Elmhurst,IL,http://www.stthomasdiocese.org/,https://stthomasdiocese.org/parishes/,
Archdiocese of Chicago,835 N. Rush Street,Chicago,IL,http://www.archchicago.org/,https://www.archchicago.org/parish-map,
Diocese of Belleville,222 South Third Street,Belleville,IL,http://www.diobelle.org/,https://www.diobelle.org/directory/parishes,
Diocese of Joliet,"Blenchette Catholic Center, 16555 Weber Road",Crest Hill,IL,http://www.dioceseofjoliet.org/,https://www.diojoliet.org/parishes,
Diocese of Peoria,"Spalding Pastoral Center, 419 N.E. Madison Avenue",Peoria,IL,http://www.cdop.org/,https://www.cdop.org/parishes,
Diocese of Rockford,"555 Coleman Center Drive, P.O. Box 7044",Rockford,IL,http://www.rockforddiocese.org/,https://www.rockforddiocese.org/parishes/?search=name,
Diocese of Springfield in Illinois,1615  West Washington Street,Springfield,IL,http://www.dio.org/,https://dio.org/view/parish-directory/,
Archdiocese of Indianapolis,1400 N. Meridian Street,Indianopolis,IN,http://www.archindy.org/,https://www.archindy.org/parishfinder,TRUE
Diocese of Evansville,"4200 N. Kentucky Avenue, P.O. Box 4169",Evansville,IN,https://www.evdio.org/,https://www.evdio.org/parishes-map.html,
Diocese of Fort Wayne-South Bend,"915 South Clinton, P.O. Box 390",Fort Wayne,IN,http://www.diocesefwsb.org/,https://diocesefwsb.org/find?show=parish,
Diocese of Gary,9292 Broadway,Merrillville,IN,http://www.dcgary.org/,https://dcgary.org/find-a-church,
Diocese of Lafayette in Indiana,P.O. Box 260,Lafayette,IN,http://www.dol-in.org/,https://www.dol-in.org/parishfinder,TRUE
Archdiocese of Dubuque,1229 Mt. Loretta Avenue,Dubuque,IA,https://www.dbqarch.org/,https://dbqarch.org/parishfinder,TRUE
Diocese of Davenport,780 W. Central Park Av.,Davenport,IA,http://www.davenportdiocese.org/,https://www.davenportdiocese.org/parishfinder,TRUE
Diocese of Des Moines,601 Grand Avenue,Des Moines,IA,http://www.dmdiocese.org/,https://www.dmdiocese.org/worship/parishes-and-mass-times,
Diocese of Sioux City,"P.O. Box 3379, 1821 Jackson Street",Sioux City,IA,http://www.scdiocese.org/,https://www.scdiocese.org/parishfinder,TRUE
Archdiocese of Kansas City in Kansas,12615 Parallel Parkway,Kansas City,KS,http://www.archkck.org/,https://archkck.org/parish-school/catholic-parishes/find-your-parish/,
Diocese of Dodge City,P.O. Box 137,Dodge City,KS,http://www.dcdiocese.org/,https://www.dcdiocese.org/directory/parishes/,
Diocese of Salina,103 North Ninth Street,Salina,KS,http://www.salinadiocese.org/,https://salinadiocese.org/find-a-parish/,
Diocese of Wichita,424 N. Broadway,Wichita,KS,http://www.catholicdioceseofwichita.org/,https://catholicdioceseofwichita.org/,
Archdiocese of Louisville,"Pastoral Center, 3940 Poplar Level Road",Louisville,KY,http://www.archlou.org/,https://www.archlou.org/parishes/find-a-parish/,
Diocese of Covington,1125 Madison Avenue,Covington,KY,http://www.covingtondiocese.org/,https://covdio.org/findparishes/,
Diocese of Lexington,1310 W. Main Street,Lexington,KY,http://www.cdlex.org/,https://cdlex.org/parish-finder/,
Diocese of Owensboro,600 Locust Street,Owensboro,KY,http://www.rcdok.org/,https://owensborodiocese.org/find-a-parish/,
Archdiocese of New Orleans,7887 Walmsley Avenue,New Orleans,LA,http://www.arch-no.org/,https://www.arch-no.org/parishfinder,TRUE
Diocese of Alexandria,"St. Joseph Catholic Ctr., 4400 Coliseum Boulevard",Alexandria,LA,http://www.diocesealex.org/,https://www.diocesealex.org/find-a-parish/parishes-by-deanery/,
Diocese of Baton Rouge,P.O. Box 2028,Baton Rouge,LA,http://www.diobr.org/,https://www.diobr.org/parishfinder,TRUE
Diocese of Houma-Thibodaux,2779 Highway 311,Schriever,LA,http://www.htdiocese.org/,https://www.htdiocese.org/parishfinder,TRUE
Diocese of Lafayette in Louisiana,1408 Carmel Drive,Lafayette,LA,http://www.diolaf.org/,https://www.diolaf.org/parishfinder,TRUE
Diocese of Lake Charles,414 Iris Street,Lake Charles,LA,http://www.lcdiocese.org/,,
Diocese of Shreveport,3500 Fairfield Avenue,Shreveport,LA,http://www.dioshpt.org/,https://www.dioshpt.org/find-a-parish/,
Diocese of Portland in Maine,510 Ocean Avenue,Portland,ME,http://www.portlanddiocese.net/,https://portlanddiocese.org/parishfinder,
Archdiocese of Baltimore,320 Cathedral Street,Baltimore,MD,http://www.archbalt.org/,https://www.archbalt.org/parishes/directory-of-parishes-and-mass-times/,
Eparchy of Newton,3 VFW Parkway,West Roxbury,MA,https://www.melkite.org/,https://melkite.org/parish-locator,
Archdiocese of Boston,66 Brooks Drive,Braintree,MA,http://www.bostoncatholic.org/,https://www.bostoncatholic.org/parish-mass-listings,
Diocese of Fall River,450 Highland Avenue,Fall River,MA,http://www.fallriverdiocese.org/,,
"Diocese of Springfield, Massachusetts",P.O. Box 1730,Springfield,MA,http://www.diospringfield.org/,https://www.diospringfield.org/parishfinder,TRUE
Diocese of Worcester,49 Elm Street,Worcester,MA,http://www.worcesterdiocese.org/,https://www.worcesterdiocese.org/parishfinder,TRUE
Chaldean Eparchy of Saint Thomas the Apostle,25603 Berg Road,Southfield,MI,https://chaldeanchurch.org/,https://chaldeanchurch.org/churches/,
Syriac Catholic Diocese of Our Lady of Deliverance in the United States,25600 Drake Road,Farmington Hills,MI,http://www.syriaccatholic.us/,,
Archdiocese of Detroit,12 State Street,Detroit,MI,https://www.aod.org/,,
Diocese of Gaylord,611 W. North Street,Gaylord,MI,http://www.dioceseofgaylord.org/,https://dioceseofgaylord.org/find-a-parish,
Diocese of Grand Rapids,360 Division Avenue S.,Grand Rapids,MI,https://grdiocese.org/,https://grdiocese.org/parishes/,
Diocese of Kalamazoo,215 N. Westnedge Avenue,Kalamazoo,MI,http://www.dioceseofkalamazoo.org/,,
Diocese of Lansing,228 N. Walnut Street,Lansing,MI,http://www.dioceseoflansing.org/,,
Diocese of Marquette,1004 Harbor Hills Drive,Marquette,MI,http://www.dioceseofmarquette.org/,,
Diocese of Saginaw,5800 Weiss Street,Saginaw,MI,http://www.saginaw.org/,,
Archdiocese of St. Paul and Minneapolis,777 Forest Street,Saint Paul,MN,http://www.archspm.org/,,
Diocese of Crookston,620 Summit Avenue N.,Crookston,MN,http://www.crookston.org/,,
Diocese of Duluth,2830 E. Fourth Street,Duluth,MN,http://www.dioceseduluth.org/,,
Diocese of New Ulm,1400 6th Street North,New Ulm,MN,http://www.dnu.org/,,
Diocese of St. Cloud,P.O. Box 1248,St. Cloud,MN,http://www.stcdio.org/,,
Diocese of Winona-Rochester,2907 Jeremiah Lane NW,Rochester,MN,http://www.dowr.org/,,
Diocese of Biloxi,1790 Popps Ferry Road,Biloxi,MS,http://www.biloxidiocese.org/,,
Diocese of Jackson,"237 East Amite, P.O. Box 2248",Jackson,MS,http://www.jacksondiocese.org/,,
Maronite Eparchy of Our Lady of Lebanon,1021 S. 10th Street,St. Louis,MO,http://www.eparchy.org/,,
Archdiocese of St. Louis,20 Archbishop May Drive,St. Louis,MO,http://www.archstl.org/,,
Diocese of Jefferson City,"2207 West Main Street, P.O. Box 104900",Jefferson City,MO,http://www.diojeffcity.org/,,
Diocese of Kansas City-St. Joseph,Post Office Box 419037,Kansas City,MO,https://kcsjcatholic.org/,,
Diocese of Springfield-Cape Girardeau,601 S. Jefferson Avenue,Springfield,MO,http://www.dioscg.org/,,
Diocese of Great Falls-Billings,P.O. Box 1399,Great Falls,MT,http://diocesegfb.org/,,
Diocese of Helena,P.O. Box 1729,Helena,MT,http://www.diocesehelena.org/,,
Archdiocese of Omaha,2222 N. 111th Street,Omaha,NE,http://www.archomaha.org/,,
Diocese of Grand Island,2708 Old Fair Road,Grand Island,NE,http://www.gidiocese.org/,,
Diocese of Lincoln,3400 Sheridan Boulevard,Lincoln,NE,http://www.dioceseoflincoln.org/,,
Archdiocese of Las Vegas,336 Cathedral Way,Las Vegas,NV,https://lvcatholic.org/,,
Diocese of Reno,"290 S. Arlington Avenue, #200",Reno,NV,http://www.dioceseofreno.org/,,
Diocese of Manchester,153 Ash Street,Manchester,NH,http://www.catholicnh.org/,,
Byzantine Catholic Eparchy of Passaic,445 Lackawanna Av. West,West Paterson,NJ,http://www.eparchyofpassaic.com/,,
Archdiocese of Newark,171 Clifton Avenue,Newark,NJ,https://rcan.org/,,
Diocese of Camden,631 Market Street,Camden,NJ,http://www.camdendiocese.org/,,
Diocese of Metuchen,P.O. Box 191,Metuchen,NJ,http://www.diometuchen.org/,,
Diocese of Paterson,777 Valley Road,Clifton,NJ,http://www.patersondiocese.org/,,
Diocese of Trenton,P.O. Box 5147,Trenton,NJ,http://www.dioceseoftrenton.org/,,
Archdiocese of Santa Fe,4000 St. Joseph's Pl. NW,Albuquerque,NM,https://archdiosf.org/,https://archdiosf.org/parishfinder,TRUE
Diocese of Gallup,P.O. Box 1338,Gallup,NM,http://www.dioceseofgallup.org/,https://dioceseofgallup.org/parishes/,
Diocese of Las Cruces,1280 Med Park Drive,Las Cruces,NM,http://www.rcdlc.org/,https://rcdlc.org/parishes/,
Eparchy of St. Maron of Brooklyn,109 Remsen Street,Brooklyn,NY,http://www.stmaron.org/,https://www.stmaron.org/directory-of-parishes,
Syro-Malankara Catholic Eparchy in the USA,"Exarchial Chancery, 1500 De Paul Street",Elmont,NY,http://syromalankarausa.org/,,
Archdiocese of New York,488 Madison Ave,New  York,NY,http://www.archny.org/,https://www.archny.org/map/parishes,
Diocese of Albany,"Pastoral Center, 40 North Main Avenue",Albany,NY,http://www.rcda.org/,https://www.rcda.org/parishes/find,
Diocese of Brooklyn,"Chancery Office, 310 Prospect Park West",Brooklyn,NY,http://www.dioceseofbrooklyn.org/,https://www.dioceseofbrooklyn.org/directories/parishes/,
Diocese of Buffalo,795 Main Street,Buffalo,NY,http://www.buffalodiocese.org/,https://www.buffalodiocese.org/parish-finder/,
Diocese of Ogdensburg,"P.O. Box 369, 622 Washington Street",Ogdensburg,NY,https://www.rcdony.org/,https://www.rcdony.org/directory/parishes.html,
Diocese of Rochester,1150 Buffalo Road,Rochester,NY,http://www.dor.org/,https://www.dor.org/parishes-campuses-cemeteries/parish-locator-and-mass-times/,
Diocese of Rockville Centre,"50 North Park Avenue, P.O. Box 9023",Rockville Centre,NY,http://www.drvc.org/,https://www.drvc.org/maps/,
Diocese of Syracuse,240 East Onondaga Street,Syracuse,NY,http://www.syracusediocese.org/,https://www.syracusediocese.org/parishes,
Diocese of Charlotte,1123 South Church Street,Charlotte,NC,http://www.charlottediocese.org/,https://charlottediocese.org/find-church/,
Diocese of Raleigh,7200 Stonehenge Drive,Raleigh,NC,http://www.dioceseofraleigh.org/,https://dioceseofraleigh.org/find-a-parish,
Diocese of Bismarck,"The Chancery, P.O. Box 1575",Bismarck,ND,http://www.bismarckdiocese.com/,https://www.bismarckdiocese.com/parishfinder,TRUE
Diocese of Fargo,"5201 Bishops Boulevard, Suite A",Fargo,ND,http://www.fargodiocese.org/,https://www.fargodiocese.org/parishfinder,TRUE
Eparchy of Parma,"5000 Rockside Road, Suite 310",Independence,OH,http://www.parma.org/,https://www.parma.org/parishes-clergy,
Eparchy of St. George in Canton for the Romanians,1121 44th Street NE,Canton,OH,http://www.romaniancatholic.org/,https://www.romaniancatholic.org/parishfinder,TRUE
"Ukrainian Catholic Eparchy of St. Josaphat-Parma, OH",P.O. Box 347180,Parma,OH,http://www.stjosaphateparchy.com/,https://stjosaphateparchy.com/parishes/,
Archdiocese of Cincinnati,100 East Eighth Street,Cincinnati,OH,http://www.catholiccincinnati.org/,https://catholicaoc.org/parishes,
Diocese of Cleveland,1404 East Ninth Street,Cleveland,OH,http://www.dioceseofcleveland.org/,https://www.dioceseofcleveland.org/find-a-parish,
Diocese of Columbus,197 E. Gay Street,Columbus,OH,http://www.colsdioc.org/,,
Diocese of Steubenville,"422 Washington Street, P.O. Box 969",Steubenville,OH,http://www.diosteub.org/,https://www.diosteub.org/parishfinder,TRUE
Diocese of Toledo,1933 Spielbusch Avenue,Toledo,OH,http://www.toledodiocese.org/,https://toledodiocese.org/find-a-parish,
Diocese of Youngstown,144 W. Wood Street,Youngstown,OH,http://www.doy.org/,https://doy.org/parishes/,
Archdiocese of Oklahoma City,7501 N.W. Expressway,Oklahoma City,OK,http://www.archokc.org/,https://archokc.org/parishfinder,TRUE
Diocese of Tulsa,P.O. Box 690240,Tulsa,OK,http://www.dioceseoftulsa.org/,https://www.dioceseoftulsa.org/parishfinder,TRUE
Archdiocese of Portland in Oregon,2838 East Burnside Street,Portland,OR,http://www.archdpdx.org/,https://www.archdpdx.org/parishfinder,TRUE
Diocese of Baker,641 SW Umatilla Avenue,Redmond,OR,http://dioceseofbaker.org/,https://dioceseofbaker.org/parishfinder,TRUE
Byzantine Catholic Archeparchy of Pittsburgh,66 Riverview Avenue,Pittsburgh,PA,http://www.archeparchy.org/,,
Ukrainian Catholic Archeparchy of Philadelphia,810 N. Franklin Street,Philadelphia,PA,http://www.ukrarcheparchy.us/,https://ukrcatholic.org/parishes,
Archdiocese of Philadelphia,222 North 17th Street,Philadelphia,PA,http://www.archphila.org/,https://archphila.org/parish/,
Diocese of Allentown,P.O. Box F,Allentown,PA,http://www.allentowndiocese.org/,https://www.allentowndiocese.org/maps/parishes,
Diocese of Altoona-Johnstown,2713 West Chestnut Avenue,Altoona,PA,http://www.ajdiocese.org/,https://www.dioceseaj.org/parishes/,
Diocese of Erie,429 E. Grandview Blvd.,Erie,PA,http://www.eriercd.org/,https://www.eriercd.org/find-parish-school.php,
Diocese of Greensburg,723 East Pittsburgh St.,Greensburg,PA,http://www.dioceseofgreensburg.org/,https://www.dioceseofgreensburg.org/parishes/parish-directory/,
Diocese of Harrisburg,4800 Union Deposti Road,Harrisburg,PA,http://www.hbgdiocese.org/,https://www.hbgdiocese.org/parishes/,
Diocese of Pittsburgh,2900 Noblestown Road,Pittsburgh,PA,http://www.diopitt.org/,https://www.diopitt.org/alphabetical-list-of-current-parishes,
Diocese of Scranton,300 Wyoming Avenue,Scranton,PA,http://www.dioceseofscranton.org/,https://www.dioceseofscranton.org/find-a-parish/,
Diocese of Providence,One Cathedral Square,Providence,RI,http://www.dioceseofprovidence.org/,https://www.dioceseofprovidence.org/parishfinder,TRUE
Diocese of Charleston,901 Orange Grove Road,Charleston,SC,https://charlestondiocese.org/,https://directory.charlestondiocese.org/directories/parish-directory/,
Diocese of Rapid City,606 Cathedral Drive,Rapid City,SD,http://www.rapidcitydiocese.org/,https://www.rapidcitydiocese.org/parishes/,
Diocese of Sioux Falls,523 N. Duluth Avenue,Sioux Falls,SD,https://sfcatholic.org/,https://sfcatholic.org/parishes/,
Diocese of Knoxville,805 S. Northshore Drive,Knoxville,TN,http://www.dioknox.org/,https://www.dioknox.org/parishfinder,TRUE
Diocese of Memphis,5825 Shelby Oaks Drive,Memphis,TN,http://www.cdom.org/,,
Diocese of Nashville,2800 McGavock Pike,Nashville,TN,http://www.dioceseofnashville.com/,,
Archdiocese of Galveston-Houston,1700 San Jacinto,Houston,TX,http://www.archgh.org/,https://www.archgh.org/parishfinder,TRUE
Archdiocese of San Antonio,2718 West Woodlawn Avenue,San Antonio,TX,http://www.archsa.org/,,
Diocese of Amarillo,P.O. Box 5644,Amarillo,TX,http://www.amarillodiocese.org/,https://www.amarillodiocese.org/parishfinder,TRUE
Diocese of Austin,6225 Highway 290 East,Austin,TX,http://www.austindiocese.org/,https://www.austindiocese.org/parishfinder,TRUE
Diocese of Beaumont,710 Archie Street,Beaumont,TX,http://www.dioceseofbmt.org/,https://www.dioceseofbmt.org/parishfinder,TRUE
Diocese of Brownsville,1910 University Boulevard,Brownsville,TX,http://www.cdob.org/,,
Diocese of Corpus Christi,"555 N. Carancahua, Suite 750",Corpus Christi,TX,http://www.diocesecc.org/,https://www.diocesecc.org/parishfinder,TRUE
Diocese of Dallas,3725 Blackburn Street,Dallas,TX,http://www.cathdal.org/,https://dallascatholic.org/community-finder/,
Diocese of El Paso,499 St. Matthews Street,El Paso,TX,http://www.elpasodiocese.org/,http://www.elpasodiocese.org/parishes.html,
Diocese of Fort Worth,800 West Loop 820 South,Fort Worth,TX,http://www.fwdioc.org/,https://fwdioc.org/parish-finder,
Diocese of Laredo,1901 Corpus Christi St.,Laredo,TX,http://www.dioceseoflaredo.org/,https://dioceseoflaredo.org/parishes/,
Diocese of Lubbock,4620 Fourth Street,Lubbock,TX,http://www.catholiclubbock.org/,https://www.catholiclubbock.org/Parishes.html,
Diocese of San Angelo,804 Ford Street,San Angelo,TX,http://www.sanangelodiocese.org/,https://www.sanangelodiocese.org/parishfinder,TRUE
Diocese of The Personal Ordinariate of the Chair of St. Peter,7730 Westview Drive,Houston,TX,http://www.ordinariate.net/,https://www.ordinariate.net/parishfinder,TRUE
Diocese of Tyler,1015 ESE Loop 323,Tyler,TX,http://www.dioceseoftyler.org/,https://www.dioceseoftyler.org/parishes/,
Diocese of Victoria,"P.O. Box 4070, 1505 E. Mesquite Lane",Victoria,TX,http://www.victoriadiocese.org/,,
Diocese of Salt Lake City,27 C Street,Salt Lake City,UT,https://www.dioslc.org/,https://www.dioslc.org/parishfinder,TRUE
Diocese of Burlington,55 Joy Drive,South Burlington,VT,http://www.vermontcatholic.org/,https://www.vermontcatholic.org/parishes/find-parish-mass-time/,
"Diocese of St. Thomas, VI",P.O. Box 301825,St. Thomas,VI,http://www.catholicvi.com/,https://www.catholicvi.com/parishfinder,TRUE
Diocese of Arlington,200 North Glebe Road,Arlington,VA,http://www.arlingtondiocese.org/,https://www.arlingtondiocese.org/parish-finder/,
Diocese of Richmond,7800 Carousel Lane,Richmond,VA,http://www.richmonddiocese.org/,https://richmonddiocese.org/parishes/,
Archdiocese of Seattle,710 9th Avenue,Seattle,WA,http://www.seattlearchdiocese.org/,https://archseattle.org/finder/?mode=Parish,
Diocese of Spokane,P.O. Box 1453,Spokane,WA,http://www.dioceseofspokane.org/,https://www.dioceseofspokane.org/parish-directory,
Diocese of Yakima,P.O. Box 2189,Yakima,WA,http://www.yakimadiocese.org/,https://yakimadiocese.org/directory-parishes/categories/parish/,
Archdiocese of the Military Services,"1025 Michigan Avenue N.E., P.O. Box 4469",Washington,DC,http://www.milarch.org/,,
Archdiocese of Washington,P.O. Box 29260,Washington,DC,http://www.adw.org/,https://adw.org/parishes-masses/parish-mass-finder/,
Diocese of Wheeling-Charleston,1300 Byron Street,Wheeling,WV,http://www.dwc.org/,,
Archdiocese of Milwaukee,P.O. Box 70912,Milwaukee,WI,http://www.archmil.org/,https://www.archmil.org/maps/parishes,
Diocese of Green Bay,P.O. Box 23825,Green Bay,WI,http://www.gbdioc.org/,https://www.gbdioc.org/worship-jesus/find-a-parish/,
Diocese of La Crosse,"3710 East Avenue South, P.O. Box 4004",La Crosse,WI,http://www.diolc.org/,https://diolc.org/parishes/,
Diocese of Madison,"702 South High Point Road, P.O. Box 44983",Madison,WI,http://www.madisondiocese.org/,https://www.madisondiocese.org/directory#tabContent_6969466,
Diocese of Superior,1201 Hughitt Avenue,Superior,WI,http://www.catholicdos.org/,https://www.catholicdos.org/parish-directory,
Diocese of Cheyenne,2121 Capitol Avenue,Cheyenne,WY,https://dcwy.org/,https://dcwy.org/parishfinder,TRUE
